ABLEIGES,mairie.ableiges95@wanadoo.fr
AINCOURT,mairie.aincourt@wanadoo.fr
AMBLEVILLE,mairie.ambleville@wanadoo.fr
AMENUCOURT,mairie.amenucourt@wanadoo.fr
ANDILLY,mairie.andilly@wanadoo.fr
ARGENTEUIL,christian.bournery@ville-argenteuil.fr
ARNOUVILLE LES GONESSE,webmaster@villedarnouville.com
ARRONVILLE,arronville@wanadoo.fr
ARTHIES,mairie-arthies-95@wanadoo.fr
ASNIERES SUR OISE,herve.pellin@ville-asnieres-sur-oise.fr
ATTAINVILLE,mairie@attainville.fr
AUVERS SUR OISE,communication@auvers-sur-oise.com
AVERNES,mairie.avernes@orange.fr
BAILLET EN FRANCE,info@baillet-en-france.fr
BANTHELU,mairie.banthelu@wanadoo.fr
BEAUCHAMP,accueil-mairie@ville-beauchamp.fr
BEAUMONT SUR OISE,beaumont.sg@wanadoo.fr
BELLEFONTAINE,mairiebellefontaine2@wanadoo.fr
BELLOY EN FRANCE,secretariat@mairie-belloy-en-france.fr
BERNES SUR OISE,mairiebernes@wanadoo.fr
BERVILLE,mairie.de.berville@wanadoo.fr
BESSANCOURT,melody.quesnel@ville-bessancourt.fr
BETHEMONT LA FORET,mairie.bethemont-laforet@wanadoo.fr
BEZONS,courrier@mairie-bezons.fr
BOISEMONT,commune.boisemont@wanadoo.fr
BOISSY L AILLERIE,mairie.boissy-laillerie@wanadoo.fr
BONNEUIL EN FRANCE,bonneuil-en-france95@orange.fr
BOUFFEMONT,info@ville-bouffemont.fr
BOUQUEVAL,mairiebouqueval@wanadoo.fr
BRAY ET LU,mairie.brayetlu@wanadoo.fr
BREANCON,mairie.breancon@wanadoo.fr
BRIGNANCOURT,brignancourt@wanadoo.fr
BRUYERES SUR OISE,mairie.bruyeres.sur.oise@wanadoo.fr
BUHY,mairie.buhy@wanadoo.fr
BUTRY SUR OISE,mairiedebutrysuroise@wanadoo.fr
CERGY,contact@ville-cergy.fr
CHAMPAGNE SUR OISE,cjacqueline@villedechampagne.fr 
CHARMONT,mairie.charmont@wanadoo.fr
CHARS,mairie.chars@wanadoo.fr
CHATENAY EN FRANCE,""
CHAUMONTEL,mairie.chaumontel@wanadoo.fr
CHAUSSY,mairie.chaussy@wanadoo.fr
CHAUVRY,mairie.de.chauvry@wanadoo.fr
CHENNEVIERES LES LOUVRES,mairie.chennevieres@wanadoo.fr
CHERENCE,mairie.cherence@wanadoo.fr
CLERY EN VEXIN,commune-de-clery@wanadoo.fr
COMMENY,mairiecommeny@wanadoo.fr
CONDECOURT,mairie.condecourt@wanadoo.fr
CORMEILLES EN PARISIS,contact@ville-cormeilles95.fr
CORMEILLES EN VEXIN,mairie-cormeillesenvexin@wanadoo.fr
COURCELLES SUR VIOSNE,mairie-courcellessurviosne95@wanadoo.fr
COURDIMANCHE,communication@ville-courdimanche.fr
DEUIL LA BARRE,accueil@mairie-deuillabarre.fr
DOMONT,mairiedomont@magic.fr
EAUBONNE,information@eaubonne.fr
ECOUEN,contact@ecouen.fr
ENGHIEN LES BAINS,direction.generale@enghien95.fr
ENNERY,mairie@ennery.fr
EPIAIS LES LOUVRES,mairieepiais-leslouvres@wanadoo.fr
EPIAIS RHUS,mairie.epiais-rhus@wanadoo.fr
EPINAY CHAMPLATREUX,mairie.ep.champlatreux@wanadoo.fr
ERAGNY SUR OISE,bureauetconseil@eragny.fr
ERMONT,mairie@ville-ermont.fr
EZANVILLE,secret.mairie@ezanville.fr
FONTENAY EN PARISIS,mairiefontenay@roissy-online.com
FOSSES,contact@ville-fosses95.fr
FRANCONVILLE,Communication@ville-franconville.fr
FREMAINVILLE,fremainville-mairie@wanadoo.fr
FREMECOURT,mairiefremecourt@orange.fr
FREPILLON,mairie@frepillon.fr
FROUVILLE,mairie-frouville95@wanadoo.fr
GADANCOURT,mairie-gadancourt@orange.fr
GARGES LES GONESSE,communication@villedegarges.com
GENAINVILLE,mairie-genainville@wanadoo.fr
GENICOURT,mairie.genicourt@wanadoo.fr
GONESSE,contact@villaeroport.org
GOUSSAINVILLE,maire@ville-goussainville.fr
GOUZANGREZ,mairiedegouzangrez@orange.fr
GRISY LES PLATRES,""
GROSLAY,assistante_du_maire@mairie-groslay.fr 
GUIRY EN VEXIN,mairie.guiry-en-vexin@wanadoo.fr
HARAVILLIERS,commune.haravilliers@orange.fr
HAUTE ISLE,mairie-hauteisle@wanadoo.fr
HEDOUVILLE,mairie-hedouville@wanadoo.fr
HERBLAY,mairie@herblay.fr
HEROUVILLE,mairie@herouville-en-vexin.net
HODENT,mairie.hodent@orange.fr
JAGNY SOUS BOIS,mairie.jagny-sous-bois@wanadoo.fr
JOUY LE MOUTIER,secretariatgeneral@jouylemoutier.fr
LABBEVILLE,mairie@labbeville.fr
LA CHAPELLE EN VEXIN,la-chapelle-en-vexin@wanadoo.fr
LA FRETTE SUR SEINE,mairie@ville-la-frette95.fr
LA ROCHE GUYON,mairie.larocheguyon@wanadoo.fr
LASSY,""
LE BELLAY EN VEXIN,mairie.bellay@wanadoo.fr
LE HEAULME,mairie.le.heaulme@cegetel.net
LE MESNIL AUBRY,mairie.mesnil-aubry@wanadoo.fr
LE PERCHAY,mairie.leperchay@wanadoo.fr
LE PLESSIS BOUCHARD,mairie@ville-le-plessis-bouchard.fr
LE PLESSIS GASSOT,le.plessis.gassot@wanadoo.fr
LE PLESSIS LUZARCHES,mairieplessisluzarches@orange.fr
LE THILLAY,p.bezillot@mairie-le-thillay.fr
L ISLE ADAM,m.martin@ville-isle-adam.fr
LIVILLIERS,mairie-de-livilliers@wanadoo.fr
LONGUESSE,mairie.longuesse@orange.fr
LOUVRES,communication@ville-louvres.fr
LUZARCHES,v.coquillard@luzarches.net
MAFFLIERS,mairie-maffliers@wanadoo.fr
MAGNY EN VEXIN,mairie@magny-en-vexin.fr
MAREIL EN FRANCE,mairie.mareil.france@wanadoo.fr
MARGENCY,info@mairie-margency.fr
MARINES,mairie.marines@wanadoo.fr
MARLY LA VILLE,""
MAUDETOUR EN VEXIN,mairie.maudetour@wanadoo.fr
MENOUVILLE,""
MENUCOURT,communication@menucourt.fr
MERIEL,accueil.mairie@ville-de-meriel.fr
MERY SUR OISE,services.administratifs@merysuroise.fr
MOISSELLES,mairie.moisselles@orange.fr
MONTGEROULT,mairie-de-montgeroult@wanadoo.fr
MONTIGNY LES CORMEILLES,communication@ville-montigny95.fr
MONTLIGNON,mairie.montlignon@wanadoo.fr
MONTMAGNY,communication@ville-montmagny.fr
MONTMORENCY,directiongenerale@ville-montmorency.fr
MONTREUIL SUR EPTE,mairiemontreuilept@orange.fr
MONTSOULT,mairie-montsoult@wanadoo.fr
MOURS,secretaire.mairie.mours@wanadoo.fr
MOUSSY,mairie.de.st.denis.catus@wanadoo.fr
NERVILLE LA FORET,mairie-nerville95@wanadoo.fr
NESLES LA VALLEE,pontenay@wanadoo.fr
NEUILLY EN VEXIN,""
NEUVILLE SUR OISE,affgenerales@neuville-sur-oise.fr
NOINTEL,nointel-mairie@wanadoo.fr
NOISY SUR OISE,mairie.de.noisy.sur.oise@wanadoo.fr
NUCOURT,mairie.nucourt@wanadoo.fr
OMERVILLE,Mairie.omerville@orange.fr
OSNY,communication@ville-osny.fr
PARMAIN,communication@ville-parmain.fr
PERSAN,mairie@ville-persan.fr
PIERRELAYE,mairie@ville-pierrelaye.fr
PISCOP,mairie.piscop@wanadoo.fr
PONTOISE,mairie@ville-pontoise.fr
PRESLES,mairie@ville-presles.fr
PUISEUX EN FRANCE,vsimil@roissy-online.com
PUISEUX PONTOISE,mairie.puiseux-pontoise.95@wanadoo.fr
ROISSY EN FRANCE,accueil@ville-roissy95.fr
RONQUEROLLES,mairie.ronquerolles95@wanadoo.fr
SAGY,mairie.sagy@wanadoo.fr
SAINT BRICE SOUS FORET,info@saintbrice95.fr
SAINT CLAIR SUR EPTE,mairie-stclairsurepte@orange.fr
SAINT CYR EN ARTHIES,mairie.stcyrenarthies@wanadoo.fr
SAINT GERVAIS,mairie.saintgervais@wanadoo.fr
SAINT GRATIEN,info@mairie-saintgratien.fr
SAINT LEU LA FORET,mairie@saint-leu-la-foret.fr
SAINT MARTIN DU TERTRE,mairiesaintmartindutertre@wanadoo.fr
SAINT OUEN L AUMONE,courrier@ville-saintouenlaumone.fr
SAINT PRIX,communication@saintprix.fr
SAINT WITZ,mairie@saint-witz.fr
SANNOIS,secretariat.general@sannois.org
SANTEUIL,mairie@santeuil95.fr
SARCELLES,comsarcelles@yahoo.fr
SERAINCOURT,mairie.seraincourt95@wanadoo.fr
SEUGY,mairie.seugy@wanadoo.fr
SOISY SOUS MONTMORENCY,mairie@soisy-sous-montmorency.fr
SURVILLIERS,vincent@roissy-online.com
TAVERNY,mairie@ville-taverny.fr
THEMERICOURT,mairie.themericourt@wanadoo.fr
THEUVILLE,mairie.theuville.mts@wanadoo.fr
US,mairie.us.95@wanadoo.fr
VALLANGOUJARD,secretariat@vallangoujard.fr
VALMONDOIS,mairievalmondois@gmail.com
VAUDHERLAND,""
VAUREAL,communication@mairie-vaureal.fr
VEMARS,sandrine_ravenel@yahoo.fr
VETHEUIL,mairiedevetheuil@orange.fr
VIARMES,ville-viarmes@wanadoo.fr
VIENNE EN ARTHIES,mairie.viennearthies@wanadoo.fr
VIGNY,mairie.vigny@wanadoo.fr
VILLAINES SOUS BOIS,mairie@villaines-sous-bois.fr
VILLERON,accueilvilleron@roissy-online.com
VILLERS EN ARTHIES,mairie.villers@free.fr
VILLIERS ADAM,mairie.villiersadam@wanadoo.fr
VILLIERS LE BEL,secretariatgeneral@ville-villiers-le-bel.fr
VILLIERS LE SEC,mairie.villiers-le-sec@wanadoo.fr
WY DIT JOLI VILLAGE,mairie.wy-dit-joli-village@wanadoo.fr
ACHERES LA FORET,acheres.la.foret@wanadoo.fr
AMILLIS,mairieamillis@orange.fr
AMPONVILLE,mairie.amponville@wanadoo.fr
ANDREZEL,mairie.andrezel@wanadoo.fr
ANNET SUR MARNE,mairie-annet-sur-marne@wanadoo.fr
ARBONNE LA FORET,mairie.arbonnelaforet@wanadoo.fr
ARGENTIERES,""
ARMENTIERES EN BRIE,armentieres-en-brie@paysdelourcq.fr
ARVILLE,arville.mairie@wanadoo.fr
AUBEPIERRE OZOUER LE REPOS,mairie-aubepierre-ozouer@wanadoo.fr
AUFFERVILLE,mairie.aufferville@wanadoo.fr
AUGERS EN BRIE,mairie.augers-en-brie@laposte.net
AULNOY,mairie.aulnoy@orange.fr
AVON,mairie@avon77.com
BABY,""
BAGNEAUX SUR LOING,mairie-bagneaux-sur-loing@wanadoo.fr
BAILLY ROMAINVILLIERS,contact@bailly-romainvilliers.fr
BALLOY,mairie.balloy@laposte.net
BANNOST VILLEGAGNON,bannost-villegagnon@wanadoo.fr
BARBEY,mairiedebarbey@wanadoo.fr
BARBIZON,mairie-de-barbizon@wanadoo.fr
BARCY,mairie-barcy@wanadoo.fr
BASSEVELLE,mairiebassevelle@wanadoo.fr
BAZOCHES LES BRAY,bazoches.mairie@wanadoo.fr
BEAUCHERY SAINT MARTIN,mairie.beauchery@orange.fr
BEAUMONT DU GATINAIS,mairie.beaumont.du.gatinais@wanadoo.fr
BEAUTHEIL,mairie-de-beautheil@wanadoo.fr
BEAUVOIR,beauvoir-mairie@wanadoo.fr
BELLOT,""
BERNAY VILBERT,mairie-bernay-vilbert@wanadoo.fr
BETON BAZOCHES,mairie-de-beton-bazoches3@wanadoo.fr
BEZALLES,mairiebezalles@orange.fr
BLANDY,mairie@blandylestours.fr
BLENNES,mairie.blennes@wanadoo.fr
BOISDON,mairieboisdon@orange.fr
BOIS LE ROI,personnel@ville-boisleroi.fr
BOISSETTES,mairie-de-boisettes@wanadoo.fr
BOISSISE LA BERTRAND,boissise-la-bertrand@wanadoo.fr
BOISSISE LE ROI,commune.de.boissise.le.roi@wanadoo.fr
BOISSY AUX CAILLES,mairie.boissy-aux-cailles@wanadoo.fr
BOISSY LE CHATEL,denis.sarazin-charpentier@cades.fr
BOITRON,""
BOMBON,mairie.bombon@wanadoo.fr
BOUGLIGNY,mairie.bougligny@wanadoo.fr
BOULANCOURT,mairie-boulancourt@wanadoo.fr
BOULEURS,mairiedebouleurs2@wanadoo.fr
BOURRON MARLOTTE,mairie-bourron-marlotte@wanadoo.fr
BOUTIGNY,boutigny-77@wanadoo.fr
BRANSLES,bransles.mairie@wanadoo.fr
BRAY SUR SEINE,mairiedebraysurseine@orange.fr
BREAU,mairie-breau@wanadoo.fr
BRIE COMTE ROBERT,mairie@briecomterobert.fr
BROU SUR CHANTEREINE,mairie.brou77@wanadoo.fr
BURCY,burcy-mairie@wanadoo.fr
BUSSIERES,mairie.bussieres77@wanadoo.fr
BUSSY SAINT GEORGES,mairie@bussy-saint-georges.fr
BUSSY SAINT MARTIN,contact@bussy-saint-martin.com
BUTHIERS,mairie.buthiers@wanadoo.fr
CANNES ECLUSE,mairie@cannes-ecluse.com
CARNETIN,mairie.carnetin@wanadoo.fr
CELY,commune.cely@wanadoo.fr
CERNEUX,mairie.cerneux@wanadoo.fr
CESSON,contact@ville-cesson.fr
CESSOY EN MONTOIS,mairiecessoyenmontois@wanadoo.fr
CHAILLY EN BIERE,mairie.de.chailly.en.biere@wanadoo.fr
CHAILLY EN BRIE,mairie.chaillyenbrie@wanadoo.fr
CHAINTREAUX,mairie.chaintreaux@wanadoo.fr
CHALAUTRE LA GRANDE,mairie-chalautre-la-gde@wanadoo.fr
CHALAUTRE LA PETITE,mairie.chalautre.la.petite@wanadoo.fr
CHALIFERT,mairiechalifert@wanadoo.fr
CHALMAISON,mairie-chalmaison@orange.fr
CHAMBRY,mairie-chambry@wanadoo.fr
CHAMIGNY,mairie-chamigny@wanadoo.fr
CHAMPAGNE SUR SEINE,accueil@champagne-sur-seine.fr
CHAMPCENEST,mairie.champcenest@wanadoo.fr
CHAMPDEUIL,commune.de.champdeuil@wanadoo.fr
CHAMPEAUX,mairie.champeaux.77@wanadoo.fr
CHAMPS SUR MARNE,courrier@ville-champssurmarne.fr
CHANGIS SUR MARNE,mairie.changis@wanadoo.fr
CHANTELOUP EN BRIE,mairiechanteloup.e.b@wanadoo.fr
CHARMENTRAY,mairie.charmentray@wanadoo.fr
CHARNY,mairie.charny77@wanadoo.fr
CHARTRETTES,mairie@mairie-chartrettes.fr 
CHARTRONGES,mairie-de-chartronges@wanadoo.fr
CHATEAUBLEAU,mairie.chateaubleau@wanadoo.fr
CHATEAU LANDON,mairie.chateaulandon@wanadoo.fr
CHATENAY SUR SEINE,chatenay.mairie@wanadoo.fr
CHATENOY,mairie.chatenoy@wanadoo.fr
CHATILLON LA BORDE,chatillon.la.borde@wanadoo.fr
CHATRES,mairie.chatres@wanadoo.fr
CHAUCONIN NEUFMONTIERS,chauconin-neufmontiers@wanadoo.fr
CHAUFFRY,mairie-chauffry@wanadoo.fr
CHAUMES EN BRIE,mairie-chaumes@wanadoo.fr
CHELLES,jp.planchou@chelles.fr
CHENOISE,mairie.chenoise@wanadoo.fr
CHENOU,""
CHESSY, mairie.chessy@wanadoo.fr 
CHEVRAINVILLIERS,mairie.chevrainvilliers@wanadoo.fr
CHEVRU,Mairie.Chevru@wanadoo.fr
CHEVRY COSSIGNY,mairie.chevry@wanadoo.fr
CHEVRY EN SEREINE,chevry.en.sereine@wanadoo.fr
CHOISY EN BRIE,MAIRIE.CHOISY-EN-BRIE@wanadoo.fr
CITRY,mairie.citry@wanadoo.fr
CLAYE SOUILLY,abaignot@mairie-claye-souilly.fr
CLOS FONTAINE,mairie.closfontaine@wanadoo.fr
COCHEREL,cocherel@paysdelourcq.fr
COLLEGIEN,kferrand@mairie-de-collegien.fr
COMBS LA VILLE,contact@mairie-combs-la-ville.fr
COMPANS,mairiedecompans@wanadoo.fr
CONCHES SUR GONDOIRE,conchesgondoire.mairie@wanadoo.fr
CONDE SAINTE LIBIAIRE,mairie.condestelibiaire@wanadoo.fr
CONGIS SUR THEROUANNE,mairie.congis@wanadoo.fr
COUBERT,mairie.coubert@wanadoo.fr
COUILLY PONT AUX DAMES,mairie.couilly@wanadoo.fr
COULOMBS EN VALOIS,mairie.coulombs.valois@wanadoo.fr
COULOMMES,mairiedecoulommes@orange.fr
COULOMMIERS,d.g.s@coulommiers.fr
COUPVRAY,mairie-coupvray@wanadoo.fr
COURCELLES EN BASSEE,mairie.courcelles-en-bassee@wanadoo.fr
COURCHAMP,mairie.courchamp@laposte.net
COURPALAY,courpalay@wanadoo.fr
COURQUETAINE,mairie.courquetaine@wanadoo.fr
COURTACON,dfadin@terre-net.fr
COURTOMER,mairie.courtomer@wanadoo.fr
COURTRY,mairie@ville-courtry.fr
COUTENCON,mairie.coutencon@wanadoo.fr
COUTEVROULT,coutevroult@wanadoo.fr
CRECY LA CHAPELLE,commune@crecylachapelle.eu
CREGY LES MEAUX,mairiecregy@wanadoo.fr
CREVECOEUR EN BRIE,mairie.crevecoeur@libertysurf.fr
CRISENOY,mairiedecrisenoy@wanadoo.fr
CROISSY BEAUBOURG,croissy.beaubourg@wanadoo.fr
CROUY SUR OURCQ,crouy-sur-ourcq@paysdelourcq.fr
CUCHARMOY,mairie.cucharmoy@wanadoo.fr
CUISY,brigitte.lhopital@free.fr
DAGNY,mairie.de.dagny@wanadoo.fr
DAMMARIE LES LYS,info@mairie-dammarie-les-lys.fr
DAMMARTIN EN GOELE,contact@dammartin-en-goele.fr
DAMMARTIN SUR TIGEAUX,mairie.damtig@wanadoo.fr
DAMPMART,mairie@dampmart.fr
DARVAULT,mairie@mairie-darvault.fr
DHUISY,mairie.dhuisy@wanadoo.fr
DIANT,mairie.diant@wanadoo.fr
DONNEMARIE DONTILLY,mairie@donnemarie-dontilly.com
DORMELLES,mairie.dormelles@laposte.net
DOUE,mairie.doue@orange.fr
DOUY LA RAMEE,mairie.douy-la-ramee@wizeo.fr
ECHOUBOULAINS,Mairie-Echouboulains@wanadoo.fr
ECUELLES,accueil@mairie-ecuelles.fr
EGLIGNY,mairiedegligny@wanadoo.fr
EGREVILLE,mairie-egreville@wanadoo.fr
EMERAINVILLE,maire@mairie-emerainville.fr
EPISY,episy.77@wanadoo.fr
ESBLY,ville.esbly@mairie-esbly.fr
ESMANS,mairie.de.esmans@wanadoo.fr
ETREPILLY,mairie.etrepilly@wanadoo.fr
EVERLY,mairie.everly@wanadoo.fr
EVRY GREGY SUR YERRES,evry-gregy@wanadoo.fr
FAREMOUTIERS,mairie.faremoutiers@wanadoo.fr
FAVIERES,mairie-favieres@wanadoo.fr
FAY LES NEMOURS,mairie-de-fay-les-nemours@wanadoo.fr
FERICY,mairie.fericy@wanadoo.fr
FEROLLES ATTILLY,mairie@ferolles-attilly.fr
FERRIERES EN BRIE,mairie@ferrieresenbrie.fr
FLAGY,mairie-flagy@wanadoo.fr
FLEURY EN BIERE,mairie-fleuryenbiere@wanadoo.fr
FONTAINEBLEAU,communication@fontainebleau.fr
FONTAINE FOURCHES,mairie.fontaine-fourches@wanadoo.fr
FONTAINE LE PORT,mairie-fontaineleport@wanadoo.fr
FONTAINS,mairie.de.fontains@wanadoo.fr
FONTENAILLES,mairie.fontenailles@wanadoo.fr
FONTENAY TRESIGNY,dgs@fontenay-tresigny.fr
FORFRY,mairie.forfry@wanadoo.fr
FORGES,mairie.forges.77@wanadoo.fr
ALLEREY SUR SAONE,mairie.allereysursaone@wanadoo.fr
ALLERIOT,mairie.dalleriot@wanadoo.fr
ALUZE,mairiedaluze@wanadoo.fr
AMANZE,mairie.amanze@wanadoo.fr
AMEUGNY,ameugny@fr.st
ANGLURE SOUS DUN,mairieangluresousdun@wanadoo.fr
ANOST,mairie@anost.com
ANTULLY,mairie-antully@wanadoo.fr
ANZY LE DUC,mairie.anzy@wanadoo.fr
ARTAIX,mairie.artaix@wanadoo.fr
AUTHUMES,mairie.authumes@wanadoo.fr
AUTUN,autun@autun.com
AUXY,mairie-auxy71@wanadoo.fr
AZE,aze-bourgogne@wanadoo.fr
BALLORE,mairie.ballore@wanadoo.fr
BANTANGES,mairie.bantanges@wanadoo.fr
BARIZEY,mairiebarizey@wanadoo.fr
BARNAY,mairiedebarnay@wanadoo.fr
BARON,commune.de.baron@wanadoo.fr
BAUDEMONT,mairie.baudemont@wanadoo.fr
BAUDRIERES,baudrieres.mairie@wanadoo.fr
BAUGY,mairiebaugy71@wanadoo.fr
BEAUBERY,mairie.beaubery@wanadoo.fr
BEAUMONT SUR GROSNE,mairie.beaumont-sgrosne@wanadoo.fr
BEAUREPAIRE EN BRESSE,mairiebeaurepaire71@wanadoo.fr
BEAUVERNOIS,mairie.beauvernois@orange.fr
BELLEVESVRE,mairie.bellevesvre@wanadoo.fr
BERGESSERIN,mairie.bergesserin@voila.fr
BERZE LA VILLE,mairie.Berze@free.fr
BERZE LE CHATEL,mairie.berzelaville@wanadoo.fr
BEY,mairie.bey.71@wanadoo.fr
BISSEY SOUS CRUCHAUD,mairie.bissey.sous.cruchaud@wanadoo.fr
BISSY LA MACONNAISE,de-bissy.commune@wanadoo.fr
BISSY SOUS UXELLES,mairie.bissysousuxelles@wanadoo.fr
BISSY SUR FLEY,mairie.bissysurfley@wanadoo.fr
BLANOT,blanot.71.bourgogne@wanadoo.fr
BLANZY,mairie@blanzy71.fr
BOIS SAINTE MARIE,mairie.boissaintemarie@wanadoo.fr
BONNAY,mairie.bonnay.sl@wanadoo.fr
BOSJEAN,mairie.bosjean@wanadoo.fr
BOUHANS,bouhans.mairie@wanadoo.fr
BOURBON LANCY,mairie@bourbon-lancy.com
BOURG LE COMTE,mairie.bourglecomte@yahoo.fr
BOURGVILAIN,mairie.bourgvilain@free.fr
BOUZERON,mairie.bouzeron@orange.fr
BOYER,boyer71-mairie@wanadoo.fr
BRAGNY SUR SAONE,71.mairie.bragny@wanadoo.fr
BRANDON,mairie-brandon@wanadoo.fr
BRANGES,MAIRIE-BRANGES@wanadoo.fr
BRAY,mairie.bray@wanadoo.fr
BRESSE SUR GROSNE,mairie.bresse-sur-grosne@wanadoo.fr
BRIANT,mairie.briant@wanadoo.fr
BRIENNE,mairie-de-brienne@wanadoo.fr
BRION,mairiebrion.setl@wanadoo.fr
BROYE,mairie.de.broye@wanadoo.fr
BRUAILLES,mairie.bruailles@wanadoo.fr
BUFFIERES,commune.buffieres@wanadoo.fr
BURGY,mairie.burgy@wanadoo.fr
BURNAND,mairieburnand@wanadoo.fr
BURZY,burzy.mairie@wanadoo.fr
BUSSIERES,mairie.de.bussiere@wanadoo.fr
BUXY,mairie.buxy@wanadoo.fr
CERON,mairie.ceron@wanadoo.fr
CERSOT,mairie.cersot71@orange.fr
CHAGNY,mairie@ville-chagny71.fr
CHAINTRE,mairie.chaintre@wanadoo.fr
CHALMOUX,mairie.chalmoux@wanadoo.fr
CHALON SUR SAONE,mairie@chalonsursaone.fr
CHAMBILLY,commune-de-chambilly@wanadoo.fr
CHAMILLY,mairie.chamilly@wanadoo.fr
CHAMPAGNAT,mairie.champagnat@wanadoo.fr
CHAMPAGNY SOUS UXELLES,mairie.champagny-sous-uxelles@wanadoo.fr
CHAMPFORGEUIL,champforgeuil@wanadoo.fr
CHAMPLECY,mairie.champlecy@wanadoo.fr
CHANES,mairie.chanes@wanadoo.fr
CHANGE,mairiedechange@wanadoo.fr
CHANGY,mairie.changy@wanadoo.fr
CHAPAIZE,mairie.chapaize@wanadoo.fr
CHARBONNAT,mairie.de.charbonnat@wanadoo.fr
CHARBONNIERES,mairie-decharbonnieres@wanadoo.fr
CHARDONNAY,mairie.chardonnay@wanadoo.fr
CHARETTE VARENNES,mairiecharettevarennes@wanadoo.fr
CHARMOY,mairie-charmoy@wanadoo.fr
CHARNAY LES CHALON,mairiecharnayleschalon@wanadoo.fr
CHARNAY LES MACON,mairie@charnay.com
CHAROLLES,mairie.charolles@wanadoo.fr
CHARRECEY,mairie.charrecey@laposte.net
CHASSELAS,chasselas.mairie@wanadoo.fr
CHASSEY LE CAMP,mairie.chasseylecamp@wanadoo.fr
CHASSIGNY SOUS DUN,mairie-chassigny@wanadoo.fr
CHASSY,mairie-de-chassy@wanadoo.fr
CHATEAU,mairiedechateau@wanadoo.fr
CHATEAUNEUF,chateauneufmairie71@orange.fr
CHATEL MORON,mairie@chatel-moron.fr
CHATENAY,mchatenay@wanadoo.fr
CHATENOY EN BRESSE,mairie@chatenoyenbresse.fr
CHATENOY LE ROYAL,mairie@chatenoyleroyal.fr
CHAUDENAY,mairie-de-chaudenay@wanadoo.fr
CHAUFFAILLES,mairie.adm.chauffailles@wanadoo.fr
CHEILLY LES MARANGES,mairie.cheilly@wanadoo.fr
CHENAY LE CHATEL,mairiedechenaylechatel@wanadoo.fr
CHENOVES,mairie.chenoves@wanadoo.fr
CHERIZET,mairie.cherizet@wanadoo.fr
CHEVAGNY LES CHEVRIERES,mairie.chevagny.chevrieres@wanadoo.fr
CHEVAGNY SUR GUYE,mairiedechevagnysurguye@wanadoo.fr
CHIDDES,mairiechiddes@wanadoo.fr
CHISSEY EN MORVAN,commune.chissey.morvan@wanadoo.fr
CHISSEY LES MACON,mairie.chissey.l.m@wanadoo.fr
CIEL,mairie.ciel@wanadoo.fr
CIRY LE NOBLE,mairie.cirylenoble@wanadoo.fr
CLERMAIN,mairie-de-clermain@wanadoo.fr
CLESSE,mairie.clesse@wanadoo.fr
CLESSY,commune-clessy@wanadoo.fr
CLUNY,cluny.mairie@wanadoo.fr
CLUX,mairie.clux@wanadoo.fr
COLLONGE EN CHAROLLAIS,collonge71460@wanadoo.fr
COLLONGE LA MADELEINE,communecolongemadeleine@wanadoo.fr
COLOMBIER EN BRIONNAIS,mairiedecolombier@wanadoo.fr
CONDAL,mairie.condal@wanadoo.fr
CORDESSE,mairie.cordesse@orange.fr
CORMATIN,mairie.de.cormatin@wanadoo.fr
CORTAMBERT,mairie.cortambert@wanadoo.fr
CORTEVAIX,mairie.cortevaix@wanadoo.fr
COUBLANC,jeanlautrey@wanadoo.fr
COUCHES,mairie.couches@wanadoo.fr
CRECHES SUR SAONE,creches@wanadoo.fr
CREOT,mairiedecreot@wanadoo.fr
CRESSY SUR SOMME,mairie.cressy@wanadoo.fr
CRISSEY,crissey.mairie@wanadoo.fr
CRONAT,mairie.cronat@wanadoo.fr
CRUZILLE,mairie.cruzille@wanadoo.fr
CUISEAUX,mairie-cuiseaux@wanadoo.fr
CUISERY,mairie-cuisery@wanadoo.fr
CULLES LES ROCHES,culles.les.roches@wanadoo.fr
CURBIGNY,mairie.curbigny@wanadoo.fr
CURDIN,curdin.mairie@wanadoo.fr
CURGY,mairie-curgy@wanadoo.fr
CURTIL SOUS BUFFIERES,commune.curtil@wanadoo.fr
CURTIL SOUS BURNAND,mairie.curtil-sous-burnand@wanadoo.fr
CUSSY EN MORVAN,mairie-cussy@wanadoo.fr
CUZY,mairie-cuzy@orange.fr
DAMEREY,mairie-damerey@wanadoo.fr
DAMPIERRE EN BRESSE,mairie-dampierre@wanadoo.fr
DAVAYE,mairie.davaye71@wanadoo.fr
DEMIGNY,demigny@wanadoo.fr
DENNEVY,mairiedennevy@wanadoo.fr
DETTEY,mairiedettey@wanadoo.fr
DEVROUZE,devrouze@wanadoo.fr
DEZIZE LES MARANGES,mairiedezize@wanadoo.fr
DICONNE,mairie-de-diconne@wanadoo.fr
DIGOIN,mairie@ville-digoin.fr
DOMMARTIN LES CUISEAUX,mairie.dommartinlescuiseaux@wanadoo.fr
DOMPIERRE LES ORMES,dompierrelesormes.mairie@wanadoo.fr
DOMPIERRE SOUS SANVIGNES,mairie.dompierre-sous-sanvignes@wanadoo.fr
DONZY LE NATIONAL,mairie-donzy-le-nal@wanadoo.fr
DONZY LE PERTUIS,mairie.donzy-le-pertuis71@orange.fr
DRACY LE FORT,dracy.le.fort@wanadoo.fr
DRACY LES COUCHES,mairie.dracylescouches@orange.fr
DRACY SAINT LOUP,dracystloup-mairie@orange.fr
DYO,mairie.dyo@wanadoo.fr
ECUELLES,ecuelles.mairie@wanadoo.fr
ECUISSES,mairie.ecuisses@wanadoo.fr
EPERTULLY,mairieepertully@orange.fr
EPERVANS,epervans@wanadoo.fr
EPINAC,mairie-epinac@wanadoo.fr
ESSERTENNE,mairie.essertenne@wanadoo.fr
ETANG SUR ARROUX,etang-sur-arroux@wanadoo.fr
ETRIGNY,mairie.etrigny@wanadoo.fr
FARGES LES CHALON,farges.les.chalon@wanadoo.fr
FARGES LES MACON,fargeslesmacon@wanadoo.fr
FLACEY EN BRESSE,mairie.flacey@wanadoo.fr
FLAGY,flagy.mairie@wanadoo.fr
FLEURVILLE,mairie.fleurville@wanadoo.fr
FLEURY LA MONTAGNE,mairiedefleury@wanadoo.fr
FLEY,mairie.fley@wanadoo.fr
FONTAINES,secretariat.mairie@fontainesenbourgogne.fr
FONTENAY,fontenay.mairie@wanadoo.fr
FRAGNES,mairie.fragnes@wanadoo.fr
FRANGY EN BRESSE,mairie-frangy@wanadoo.fr
FRETTERANS,mairie-de-fretterans@wanadoo.fr
FRONTENARD,mairie-frontenard@wanadoo.fr
FRONTENAUD,mairie-frontenaud@wanadoo.fr
FUISSE,mairie-fuisse@wanadoo.fr
GENELARD,mairie.genelard@wanadoo.fr
GENOUILLY,mairie.genouilly@wanadoo.fr
GERGY,mairie@gergy.fr
GERMAGNY,mairie.germagny@wanadoo.fr
GERMOLLES SUR GROSNE,mairie.germolles_sur_grosne@laposte.net
GIBLES,mairie.gibles@wanadoo.fr
GIGNY SUR SAONE,mairie-gignysursaone@wanadoo.fr
GILLY SUR LOIRE,mairie.gilly71@wanadoo.fr
GIVRY,givry@wanadoo.fr
