Author,Content

source,hello
akakakaaka,opopopopo
qcljnclsnc,clnzclnlcn
"l,dclsn,clknzd","mk,nmaknlmkzcn"
"mkd,nwvljsnvs",lksnvlknslvk
"msdkc,lkdsnvclk","mkl,cnmk,ncvmk,c"
dvnsldjkvnslkvn,"msdkv,lksdvnlkz"
dmkvnslkvnlksv,"svm,sdlkvndlkvn"
jjj,ddddd
dklnlqcn,"ooovo,vlk,v"
sasosoa,kdkdkdkd
popopopopo,ccdcdqdcsdc
aaaa,ffff
aaaaa,ddddd
2dqfqf,fsvsv
qfq,fdcvdvzv
uhfkuqgkq,mkcqlnc
ihcqsuchqc,cmqhclqchlq
hvjghfhg,lgjfhgfh
khgjhg,;jbkhjgb
l	nslj	,jkbkc
soourcee,aoaoaoaao
papapapa,"zmd,am,dakf,"
"aoadkpoadj,pac,",nfjvkjbvskbv
idisdni,ijsni<jdnij<
dkdlk,opapapa
lknckljb,lcnqljcbnkjc
dklqnc,lecnljcnljc
sxlkcnqc,cljqncljdcn
qcdcv,zcvzvczv
dqfczvc,vefveve
asdqd,vfbvbetv
4,lbljqbcljkbc
test,test
ajnxbkjx,cljsdnckjdcb
BATMAN,Robin met des caleÃ§ons
